<odoo>
<data noupdate="0">
    <record model="ir.module.category" id="module_category_court">
        <field name="name">QR</field>
    </record>

    <record id="group_supreme_court" model="res.groups">
            <field name="name">QR</field>
            <field name="category_id" ref="module_category_court"/>
            <field name="implied_ids" eval="[(4, ref('base.group_user'))]"/>
    </record>

<!--    <record id="group_regional_court" model="res.groups">-->
<!--            <field name="name">Regional Court</field>-->
<!--            <field name="category_id" ref="module_category_court"/>-->
<!--            <field name="implied_ids" eval="[(4, ref('base.group_user'))]"/>-->
<!--    </record>-->

</data>
</odoo>