<odoo>
<data noupdate="0">
    <record model="ir.module.category" id="module_distillery_batch">
        <field name="name">Distillery Batch</field>
    </record>

    <record id="group_distillery_batch" model="res.groups">
            <field name="name">User</field>
            <field name="category_id" ref="module_distillery_batch"/>
            <field name="implied_ids" eval="[(4, ref('base.group_user'))]"/>
    </record>

<!--    <record id="group_regional_court" model="res.groups">-->
<!--            <field name="name">Regional Court</field>-->
<!--            <field name="category_id" ref="module_category_court"/>-->
<!--            <field name="implied_ids" eval="[(4, ref('base.group_user'))]"/>-->
<!--    </record>-->

</data>
</odoo>